"weight";"word";"color";"url"
"209";"gene";"";""
"187";"expression";"";""
"166";"ostreococcus";"";""
"154";"data";"";""
"142";"circadian";"";""
"138";"rhythmic";"";""
"132";"cell";"";""
"116";"phase";"";""
"112";"light";"";""
"107";"time";"";""
"105";"conditions";"";""
"101";"microalgae";"";""
"100";"biological";"";""
"98";"protein";"";""
"98";"tauri";"";""
"95";"profiles";"";""
"93";"cycles";"";""
"90";"condition";"";""
"88";"day";"";""
"87";"photoperiod";"";""
"84";"genome";"";""
"82";"diel";"";""
"81";"proteins";"";""
"79";"processes";"";""
"75";"cycle";"";""
"73";"biology";"";""
"69";"plant";"";""
"69";"rhythmicity";"";""
"67";"molecular";"";""
"60";"annotation";"";""
"58";"starch";"";""
"57";"research";"";""
"56";"clock";"";""
"56";"constant";"";""
"55";"transcriptome";"";""
"55";"transcriptomic";"";""
"54";"algaefun";"";""
"53";"rhythms";"";""
"53";"systems";"";""
"52";"hours";"";""
"52";"maracas";"";""
"50";"green";"";""
"50";"organisms";"";""
"46";"photosynthetic";"";""
"44";"changes";"";""
"44";"genomic";"";""
"44";"patterns";"";""
"43";"order";"";""
"43";"photosynthesis";"";""
"43";"plants";"";""
"42";"dark";"";""
"42";"dna";"";""
"42";"functional";"";""
"41";"cells";"";""
"41";"enrichment";"";""
"40";"content";"";""
"40";"photoperiods";"";""
"39";"carotenoids";"";""
"38";"offsets";"";""
"38";"pathway";"";""
"38";"proteomic";"";""
"36";"cultures";"";""
"36";"physiology";"";""
"36";"rna-seq";"";""
"32";"chlamydomonas";"";""
"32";"integration";"";""
"32";"phases";"";""
"31";"amplitude";"";""
"31";"biosynthesis";"";""
"31";"model";"";""
"31";"sequencing";"";""
"30";"chip-seq";"";""
"30";"period";"";""
"29";"lineage";"";""
"29";"temporal";"";""
"28";"marine";"";""
"27";"arabidopsis";"";""
"27";"global";"";""
"27";"oscillations";"";""
"27";"pathways";"";""
"27";"transcriptional";"";""
"26";"entrainment";"";""
"26";"methods";"";""
"26";"proteome";"";""
"26";"thesis";"";""
"25";"activity";"";""
"24";"environmental";"";""
"24";"enzymes";"";""
"24";"genes";"";""
"24";"tools";"";""
"23";"carotenoid";"";""
"23";"kegg";"";""
"23";"metabolism";"";""
"23";"nitrate";"";""
"23";"organism";"";""
"23";"peaks";"";""
"23";"shifts";"";""
"23";"transcript";"";""
"23";"transcripts";"";""
"23";"translation";"";""
"23";"variations";"";""
"22";"cellular";"";""
"22";"free-running";"";""
"22";"peak";"";""
"22";"response";"";""
"21";"efficiency";"";""
"21";"irradiance";"";""
"21";"levels";"";""
"21";"offset";"";""
"21";"p-value";"";""
"21";"physiological";"";""
"21";"rna";"";""
"21";"transcription";"";""
"20";"experimental";"";""
"20";"omics";"";""
"19";"pipeline";"";""
"19";"responses";"";""
"19";"rhythm";"";""
"19";"science";"";""
"18";"acids";"";""
"18";"acquisition";"";""
"18";"bottom";"";""
"18";"carbon";"";""
"18";"components";"";""
"18";"containing";"";""
"18";"main";"";""
"18";"microalga";"";""
"18";"ones";"";""
"18";"previous";"";""
"18";"program";"";""
"18";"raw";"";""
"18";"regulated";"";""
"18";"top";"";""
"17";"17";"";""
"17";"although";"";""
"17";"annotated";"";""
"17";"assimilation";"";""
"17";"characterization";"";""
"17";"column";"";""
"17";"computational";"";""
"17";"depending";"";""
"17";"due";"";""
"17";"every";"";""
"17";"production";"";""
"17";"reach";"";""
"17";"regions";"";""
"17";"software";"";""
"17";"van";"";""
"17";"wave";"";""
"17";"will";"";""
"17";"yes";"";""
"16";"activation";"";""
"16";"algae";"";""
"16";"clocks";"";""
"16";"consists";"";""
"16";"darkness";"";""
"16";"fv/fm";"";""
"16";"general";"";""
"16";"information";"";""
"16";"maintain";"";""
"16";"nucleic";"";""
"16";"packages";"";""
"16";"points";"";""
"16";"quantification";"";""
"16";"replicates";"";""
"16";"replication";"";""
"16";"right";"";""
"16";"selected";"";""
"16";"sequence";"";""
"16";"terms";"";""
"16";"total";"";""
"16";"transcriptomes";"";""
"16";"ºc";"";""
"16";"μl";"";""
"15";"chapter";"";""
"15";"complete";"";""
"15";"considered";"";""
"15";"degradation";"";""
"15";"distribution";"";""
"15";"growth";"";""
"15";"human";"";""
"15";"including";"";""
"15";"increase";"";""
"15";"individual";"";""
"15";"last";"";""
"15";"millar";"";""
"15";"outputs";"";""
"15";"package";"";""
"15";"parameter";"";""
"15";"proteomics";"";""
"15";"reinhardtii";"";""
"15";"result";"";""
"15";"roenneberg";"";""
"15";"role";"";""
"15";"several";"";""
"15";"take";"";""
"15";"therefore";"";""
"15";"whereas";"";""
"15";"wide";"";""
"14";"activated";"";""
"14";"algal";"";""
"14";"applied";"";""
"14";"central";"";""
"14";"community";"";""
"14";"complex";"";""
"14";"developed";"";""
"14";"distinct";"";""
"14";"entire";"";""
"14";"genetics";"";""
"14";"genomes";"";""
"14";"interest";"";""
"14";"mechanisms";"";""
"14";"metabolic";"";""
"14";"perform";"";""
"14";"processing";"";""
"14";"sciences";"";""
"14";"second";"";""
"14";"studied";"";""
"14";"system";"";""
"14";"transcript/protein";"";""
"14";"understanding";"";""
"14";"user";"";""
"14";"value";"";""
"14";"wang";"";""
"14";"winter";"";""
"13";"according";"";""
"13";"achieved";"";""
"13";"alga";"";""
"13";"biotechnology";"";""
"13";"chromosome";"";""
"13";"collected";"";""
"13";"consisting";"";""
"13";"cyclic";"";""
"13";"cyclin";"";""
"13";"encoding";"";""
"13";"end";"";""
"13";"evolution";"";""
"13";"finally";"";""
"13";"function";"";""
"13";"indicates";"";""
"13";"left";"";""
"13";"mapping";"";""
"13";"name";"";""
"13";"part";"";""
"13";"periods";"";""
"13";"reveals";"";""
"13";"scientific";"";""
"13";"showing";"";""
"13";"species";"";""
"13";"statistical";"";""
"13";"temperature";"";""
"13";"times";"";""
"13";"visualization";"";""
"13";"years";"";""
"12";"18";"";""
"12";"abundances";"";""
"12";"accumulation";"";""
"12";"already";"";""
"12";"bimodal";"";""
"12";"chloroplast";"";""
"12";"chronobiology";"";""
"12";"color";"";""
"12";"effect";"";""
"12";"fact";"";""
"12";"factor";"";""
"12";"factors";"";""
"12";"feature";"";""
"12";"included";"";""
"12";"inputted";"";""
"12";"light/dark";"";""
"12";"massive";"";""
"12";"mode";"";""
"12";"percentage";"";""
"12";"range";"";""
"12";"rate";"";""
"12";"reached";"";""
"12";"read";"";""
"12";"reads";"";""
"12";"reduction";"";""
"12";"respect";"";""
"12";"significance";"";""
"12";"stress";"";""
"12";"structure";"";""
"12";"suggest";"";""
"12";"sunrise";"";""
"12";"together";"";""
"12";"worden";"";""
"11";"acid";"";""
"11";"added";"";""
"11";"blanc-mathieu";"";""
"11";"bona";"";""
"11";"carried";"";""
"11";"current";"";""
"11";"dawn";"";""
"11";"differences";"";""
"11";"early";"";""
"11";"elephant";"";""
"11";"enzyme";"";""
"11";"examples";"";""
"11";"fide";"";""
"11";"flow";"";""
"11";"identify";"";""
"11";"integrated";"";""
"11";"lack";"";""
"11";"less";"";""
"11";"living";"";""
"11";"merchant";"";""
"11";"moreau";"";""
"11";"multi-omic";"";""
"11";"nitrogen";"";""
"11";"observations";"";""
"11";"pellets";"";""
"11";"photosystem";"";""
"11";"related";"";""
"11";"relevant";"";""
"11";"resulting";"";""
"11";"size";"";""
"11";"small";"";""
"11";"summer";"";""
"11";"sun";"";""
"11";"takes";"";""
"11";"test";"";""
"11";"thaliana";"";""
"11";"values";"";""
"11";"work";"";""
"10";"19";"";""
"10";"20";"";""
"10";"agreement";"";""
"10";"almost";"";""
"10";"analyses";"";""
"10";"anticipate";"";""
"10";"atp";"";""
"10";"behavior";"";""
"10";"bouget";"";""
"10";"centrifuged";"";""
"10";"comparison";"";""
"10";"corellou";"";""
"10";"crucial";"";""
"10";"design";"";""
"10";"diurnal";"";""
"10";"effects";"";""
"10";"electron";"";""
"10";"emergence";"";""
"10";"eukaryotic";"";""
"10";"exact";"";""
"10";"exhibiting";"";""
"10";"fastq";"";""
"10";"fixation";"";""
"10";"generation";"";""
"10";"groups";"";""
"10";"https://doi.org/10.1016";"";""
"10";"known";"";""
"10";"limited";"";""
"10";"list";"";""
"10";"liu";"";""
"10";"low";"";""
"10";"lutein";"";""
"10";"mark";"";""
"10";"marked";"";""
"10";"medium";"";""
"10";"midday";"";""
"10";"needed";"";""
"10";"observation";"";""
"10";"polymerase";"";""
"10";"potential";"";""
"10";"protein/gene";"";""
"10";"reduced";"";""
"10";"reductase";"";""
"10";"regulatory";"";""
"10";"resource";"";""
"10";"romero";"";""
"10";"romero-campero";"";""
"10";"show";"";""
"10";"shown";"";""
"10";"shows";"";""
"10";"skotoperiod";"";""
"10";"source";"";""
"10";"strongly";"";""
"10";"synchronization";"";""
"10";"transport";"";""
"10";"tricornutum";"";""
"10";"violaxanthin";"";""
"10";"zeitgeber";"";""
"10";"zhang";"";""
"9";"12h";"";""
"9";"21";"";""
"9";"43-b";"";""
"9";"46-a";"";""
"9";"astaxanthin";"";""
"9";"availability";"";""
"9";"average";"";""
"9";"black";"";""
"9";"calvin";"";""
"9";"cluster";"";""
"9";"concentration";"";""
"9";"continuous";"";""
"9";"corresponds";"";""
"9";"cycling";"";""
"9";"dependent";"";""
"9";"earth";"";""
"9";"energy";"";""
"9";"euglena";"";""
"9";"even";"";""
"9";"evolutionary";"";""
"9";"expressed";"";""
"9";"field";"";""
"9";"final";"";""
"9";"frontiers";"";""
"9";"genomics";"";""
"9";"gtf";"";""
"9";"high-throughput";"";""
"9";"increasing";"";""
"9";"incubated";"";""
"9";"instead";"";""
"9";"mapped";"";""
"9";"models";"";""
"9";"monnier";"";""
"9";"moreover";"";""
"9";"morning";"";""
"9";"neutral";"";""
"9";"normalization";"";""
"9";"obtain";"";""
"9";"ontology";"";""
"9";"prasinoxanthin";"";""
"9";"published";"";""
"9";"quality";"";""
"9";"rain";"";""
"9";"reports";"";""
"9";"researchers";"";""
"9";"row";"";""
"9";"sequences";"";""
"9";"six";"";""
"9";"step";"";""
"9";"still";"";""
"9";"strong";"";""
"9";"suggests";"";""
"9";"thus";"";""
"9";"use";"";""
"9";"veenstra";"";""
"9";"within";"";""
"9";"yellow";"";""
"8";"22";"";""
"8";"academy";"";""
"8";"activities";"";""
"8";"adaptation";"";""
"8";"among";"";""
"8";"another";"";""
"8";"bioconductor";"";""
"8";"biogenesis";"";""
"8";"bowler";"";""
"8";"cdc";"";""
"8";"chlorophyta";"";""
"8";"circacompare";"";""
"8";"clear";"";""
"8";"clusters";"";""
"8";"coding";"";""
"8";"component";"";""
"8";"comprising";"";""
"8";"correspond";"";""
"8";"data_source";"";""
"8";"database";"";""
"8";"differential";"";""
"8";"disruption";"";""
"8";"drastic";"";""
"8";"dynamics";"";""
"8";"endogenous";"";""
"8";"evidence";"";""
"8";"higher";"";""
"8";"hoys";"";""
"8";"indicating";"";""
"8";"insights";"";""
"8";"large";"";""
"8";"life";"";""
"8";"major";"";""
"8";"measured";"";""
"8";"mentioned";"";""
"8";"multi-omics";"";""
"8";"national";"";""
"8";"necessary";"";""
"8";"negative";"";""
"8";"next";"";""
"8";"nocturnal";"";""
"8";"occurs";"";""
"8";"organization";"";""
"8";"oscillating";"";""
"8";"pattern";"";""
"8";"periodic";"";""
"8";"pertea";"";""
"8";"phaeodactylum";"";""
"8";"phenomena";"";""
"8";"plos";"";""
"8";"positive";"";""
"8";"reaches";"";""
"8";"rectangle";"";""
"8";"reference";"";""
"8";"review";"";""
"8";"ribosome";"";""
"8";"seem";"";""
"8";"self-sustained";"";""
"8";"sequential";"";""
"8";"signals";"";""
"8";"smith";"";""
"8";"summarizing";"";""
"8";"supported";"";""
"8";"swath";"";""
"8";"synthesis";"";""
"8";"unicellular";"";""
"8";"valverde";"";""
"8";"vertical";"";""
"8";"workflow";"";""
"8";"zeaxanthin";"";""
"8";"zhu";"";""
"8";"µm";"";""
"7";"1st";"";""
"7";"23";"";""
"7";"24";"";""
"7";"25";"";""
"7";"america";"";""
"7";"amino";"";""
"7";"and/or";"";""
"7";"backward";"";""
"7";"beads";"";""
"7";"bmc";"";""
"7";"boxplot";"";""
"7";"called";"";""
"7";"chen";"";""
"7";"chip";"";""
"7";"coincident";"";""
"7";"collection";"";""
"7";"common";"";""
"7";"comparative";"";""
"7";"comparing";"";""
"7";"complexity";"";""
"7";"consecutive";"";""
"7";"contrast";"";""
"7";"controlled";"";""
"7";"coupled";"";""
"7";"dashed";"";""
"7";"differentially";"";""
"7";"direct";"";""
"7";"dusk";"";""
"7";"edmunds";"";""
"7";"ensuring";"";""
"7";"environment";"";""
"7";"enzymatic";"";""
"7";"exhibit";"";""
"7";"experiments";"";""
"7";"explained";"";""
"7";"folder";"";""
"7";"functionally";"";""
"7";"generate";"";""
"7";"glucose";"";""
"7";"gradually";"";""
"7";"grey";"";""
"7";"h3k4me3";"";""
"7";"hisat2";"";""
"7";"hypothesis";"";""
"7";"independent";"";""
"7";"independently";"";""
"7";"integrative";"";""
"7";"leliaert";"";""
"7";"length";"";""
"7";"lines";"";""
"7";"mcclung";"";""
"7";"measurements";"";""
"7";"moderate";"";""
"7";"moulager";"";""
"7";"names";"";""
"7";"nodes";"";""
"7";"nucleus";"";""
"7";"online";"";""
"7";"p-values";"";""
"7";"palenik";"";""
"7";"particular";"";""
"7";"phytoplankton";"";""
"7";"plots";"";""
"7";"possible";"";""
"7";"principal";"";""
"7";"publications";"";""
"7";"reported";"";""
"7";"repressed";"";""
"7";"salamov";"";""
"7";"salzberg";"";""
"7";"sequenced";"";""
"7";"server";"";""
"7";"states";"";""
"7";"steps";"";""
"7";"techniques";"";""
"7";"technologies";"";""
"7";"transcriptionally";"";""
"7";"transcriptomics";"";""
"7";"transferred";"";""
"7";"tss";"";""
"7";"type";"";""
"7";"united";"";""
"7";"v/v";"";""
"7";"way";"";""
"7";"web";"";""
"7";"weckwerth";"";""
"7";"widely";"";""
"7";"working";"";""
"7";"yang";"";""
"6";"26";"";""
"6";"27";"";""
"6";"2nd";"";""
"6";"abbreviations";"";""
"6";"able";"";""
"6";"advances";"";""
"6";"allen";"";""
"6";"allow";"";""
"6";"allowed";"";""
"6";"amount";"";""
"6";"amy";"";""
"6";"arrows";"";""
"6";"artificial";"";""
"6";"automatic";"";""
"6";"background";"";""
"6";"balance";"";""
"6";"bar";"";""
"6";"benites";"";""
"6";"bihan";"";""
"6";"cases";"";""
"6";"cdka";"";""
"6";"century";"";""
"6";"certain";"";""
"6";"chain";"";""
"6";"character";"";""
"6";"cheng";"";""
"6";"circular";"";""
"6";"code";"";""
"6";"cold";"";""
"6";"complexes";"";""
"6";"compounds";"";""
"6";"computed";"";""
"6";"consist";"";""
"6";"contain";"";""
"6";"contribute";"";""
"6";"correlation";"";""
"6";"created";"";""
"6";"currently";"";""
"6";"cytometry";"";""
"6";"daily";"";""
"6";"dots";"";""
"6";"downloaded";"";""
"6";"drosophila";"";""
"6";"ecosystems";"";""
"6";"encode";"";""
"6";"ensembl";"";""
"6";"ensure";"";""
"6";"external";"";""
"6";"findings";"";""
"6";"flis";"";""
"6";"freely";"";""
"6";"furthermore";"";""
"6";"gas";"";""
"6";"generates";"";""
"6";"github";"";""
"6";"glass";"";""
"6";"globally";"";""
"6";"group";"";""
"6";"haematococcus";"";""
"6";"hastings";"";""
"6";"heatmaps";"";""
"6";"hierarchical";"";""
"6";"highly";"";""
"6";"histone";"";""
"6";"identifying";"";""
"6";"ids";"";""
"6";"important";"";""
"6";"increased";"";""
"6";"incubation";"";""
"6";"indeed";"";""
"6";"induced";"";""
"6";"influenced";"";""
"6";"insect";"";""
"6";"kallisto";"";""
"6";"kay";"";""
"6";"klebsormidium";"";""
"6";"kuhlman";"";""
"6";"kötting";"";""
"6";"land";"";""
"6";"leaf";"";""
"6";"lillo";"";""
"6";"linear";"";""
"6";"linked";"";""
"6";"los";"";""
"6";"lower";"";""
"6";"lowest";"";""
"6";"mainly";"";""
"6";"maintenance";"";""
"6";"mechanism";"";""
"6";"melanogaster";"";""
"6";"metabolites";"";""
"6";"microarray";"";""
"6";"million";"";""
"6";"nelson";"";""
"6";"nevertheless";"";""
"6";"nitens";"";""
"6";"non";"";""
"6";"nonetheless";"";""
"6";"numerous";"";""
"6";"organized";"";""
"6";"overall";"";""
"6";"oxygen";"";""
"6";"paired_end";"";""
"6";"parallel";"";""
"6";"picoeukaryote";"";""
"6";"possibly";"";""
"6";"promoter";"";""
"6";"report";"";""
"6";"reviews";"";""
"6";"reyes";"";""
"6";"romero-losada";"";""
"6";"ruiz";"";""
"6";"sciex";"";""
"6";"seasons";"";""
"6";"section";"";""
"6";"shift";"";""
"6";"simple";"";""
"6";"specifies";"";""
"6";"stored";"";""
"6";"subsequently";"";""
"6";"sunset";"";""
"6";"sweeney";"";""
"6";"synchronized";"";""
"6";"taking";"";""
"6";"technical";"";""
"6";"tests";"";""
"6";"text";"";""
"6";"transfer";"";""
"6";"underlying";"";""
"6";"utr";"";""
"6";"washed";"";""
"6";"water";"";""
"6";"waves";"";""
"6";"white";"";""
"6";"without";"";""
"5";"24h";"";""
"5";"28";"";""
"5";"29";"";""
"5";"3rd";"";""
"5";"49(d1";"";""
"5";"accepted";"";""
"5";"accession";"";""
"5";"additionally";"";""
"5";"adjusted";"";""
"5";"affect";"";""
"5";"align";"";""
"5";"aligns";"";""
"5";"allowing";"";""
"5";"alternating";"";""
"5";"amounts";"";""
"5";"animal";"";""
"5";"antheraxanthin";"";""
"5";"apl";"";""
"5";"applications";"";""
"5";"applying";"";""
"5";"assembly";"";""
"5";"bam";"";""
"5";"benzer";"";""
"5";"beyond";"";""
"5";"bigwig";"";""
"5";"bioinformatics";"";""
"5";"biomass";"";""
"5";"blue/red";"";""
"5";"box";"";""
"5";"böhme";"";""
"5";"carotenogenesis";"";""
"5";"cdkb";"";""
"5";"characteristics";"";""
"5";"chosen";"";""
"5";"circatidal";"";""
"5";"circle";"";""
"5";"classification";"";""
"5";"columns";"";""
"5";"commitment";"";""
"5";"commonly";"";""
"5";"completed";"";""
"5";"computer";"";""
"5";"conserved";"";""
"5";"constitute";"";""
"5";"contribution";"";""
"5";"core";"";""
"5";"date";"";""
"5";"daylight";"";""
"5";"del";"";""
"5";"description";"";""
"5";"diameter";"";""
"5";"difference";"";""
"5";"directory";"";""
"5";"discoveries";"";""
"5";"dodd";"";""
"5";"egeland";"";""
"5";"eldest";"";""
"5";"enable";"";""
"5";"enhancing";"";""
"5";"etoh";"";""
"5";"eukaryotes";"";""
"5";"execution";"";""
"5";"expected";"";""
"5";"extraction";"";""
"5";"extracts";"";""
"5";"false";"";""
"5";"find";"";""
"5";"fluorescence";"";""
"5";"form";"";""
"5";"four";"";""
"5";"full";"";""
"5";"geigenberger";"";""
"5";"genome-wide";"";""
"5";"glutamine";"";""
"5";"gogat";"";""
"5";"grigoriev";"";""
"5";"grimwood";"";""
"5";"growing";"";""
"5";"half";"";""
"5";"hand";"";""
"5";"harbor";"";""
"5";"harvested";"";""
"5";"hayes";"";""
"5";"health";"";""
"5";"history";"";""
"5";"holistic";"";""
"5";"hori";"";""
"5";"implementation";"";""
"5";"implemented";"";""
"5";"include";"";""
"5";"informative";"";""
"5";"inputs";"";""
"5";"instance";"";""
"5";"kanehisa";"";""
"5";"kept";"";""
"5";"kim";"";""
"5";"konopka";"";""
"5";"kuo";"";""
"5";"lacustris";"";""
"5";"langmead";"";""
"5";"least";"";""
"5";"library";"";""
"5";"light-dark";"";""
"5";"limitation";"";""
"5";"lists";"";""
"5";"located";"";""
"5";"machinery";"";""
"5";"made";"";""
"5";"mairan";"";""
"5";"map";"";""
"5";"mapper";"";""
"5";"mass";"";""
"5";"mean";"";""
"5";"men";"";""
"5";"mice";"";""
"5";"modification";"";""
"5";"movement";"";""
"5";"must";"";""
"5";"non-rhythmic";"";""
"5";"oceans";"";""
"5";"pan";"";""
"5";"panel";"";""
"5";"parametric";"";""
"5";"parsons";"";""
"5";"path";"";""
"5";"peer";"";""
"5";"piganeau";"";""
"5";"pigment";"";""
"5";"pigments";"";""
"5";"pittendrigh";"";""
"5";"platform";"";""
"5";"portal";"";""
"5";"prasinos";"";""
"5";"primary";"";""
"5";"products";"";""
"5";"programs";"";""
"5";"psii";"";""
"5";"quantified";"";""
"5";"quantitative";"";""
"5";"ral";"";""
"5";"reaching";"";""
"5";"reaction";"";""
"5";"recent";"";""
"5";"recently";"";""
"5";"reductions";"";""
"5";"regime";"";""
"5";"regulators";"";""
"5";"relationships";"";""
"5";"repeated";"";""
"5";"required";"";""
"5";"residues";"";""
"5";"respond";"";""
"5";"revealed";"";""
"5";"rise";"";""
"5";"robbens";"";""
"5";"rombauts";"";""
"5";"schematic";"";""
"5";"see";"";""
"5";"select";"";""
"5";"sequentially";"";""
"5";"sex";"";""
"5";"solution";"";""
"5";"spring";"";""
"5";"stitt";"";""
"5";"subunit";"";""
"5";"sulpice";"";""
"5";"support";"";""
"5";"synchrony";"";""
"5";"synthase";"";""
"5";"systematic";"";""
"5";"takahashi";"";""
"5";"taken";"";""
"5";"technology";"";""
"5";"tes";"";""
"5";"thaben";"";""
"5";"tides";"";""
"5";"timing";"";""
"5";"took";"";""
"5";"transition";"";""
"5";"treatment";"";""
"5";"treemap";"";""
"5";"true";"";""
"5";"turn";"";""
"5";"turnover";"";""
"5";"validation";"";""
"5";"various";"";""
"5";"vaulot";"";""
"5";"westermark";"";""
"5";"yet";"";""
"5";"zhao";"";""
"5";"zhou";"";""
"5";"zofingiensis";"";""
"4";"0.25–0.3";"";""
"4";"20-a";"";""
"4";"29-a";"";""
"4";"30";"";""
"4";"45-b";"";""
"4";"accessed";"";""
"4";"acetone";"";""
"4";"across";"";""
"4";"advance";"";""
"4";"affected";"";""
"4";"agrigo";"";""
"4";"always";"";""
"4";"animals";"";""
"4";"annual";"";""
"4";"antenna";"";""
"4";"arrow";"";""
"4";"avoid";"";""
"4";"b-c";"";""
"4";"ball";"";""
"4";"ballgown";"";""
"4";"bar-plots";"";""
"4";"base";"";""
"4";"becker";"";""
"4";"become";"";""
"4";"besides";"";""
"4";"blaby";"";""
"4";"blackboard";"";""
"4";"blanc";"";""
"4";"blind";"";""
"4";"botany";"";""
"4";"carlson";"";""
"4";"carry";"";""
"4";"carteri";"";""
"4";"cdc25";"";""
"4";"changing";"";""
"4";"characterized";"";""
"4";"chlamynet";"";""
"4";"chloroplasts";"";""
"4";"chromosomes";"";""
"4";"chronobiologists";"";""
"4";"clustering";"";""
"4";"co-expression";"";""
"4";"co-sinusoidal";"";""
"4";"co2";"";""
"4";"coinciding";"";""
"4";"colored";"";""
"4";"colors";"";""
"4";"combined";"";""
"4";"communications";"";""
"4";"complementary";"";""
"4";"composition";"";""
"4";"consequently";"";""
"4";"contents";"";""
"4";"costs";"";""
"4";"count";"";""
"4";"critical";"";""
"4";"cyclins";"";""
"4";"cytochrome";"";""
"4";"degs";"";""
"4";"despite";"";""
"4";"desynchronization";"";""
"4";"diagram";"";""
"4";"diatom";"";""
"4";"diluted";"";""
"4";"directly";"";""
"4";"diverse";"";""
"4";"dot";"";""
"4";"either";"";""
"4";"endosymbiotic";"";""
"4";"equipment";"";""
"4";"essential";"";""
"4";"etc";"";""
"4";"eukaryote";"";""
"4";"events";"";""
"4";"exclusively";"";""
"4";"executed";"";""
"4";"exerted";"";""
"4";"existence";"";""
"4";"exon";"";""
"4";"explore";"";""
"4";"f.-y";"";""
"4";"facilitate";"";""
"4";"family";"";""
"4";"fdr";"";""
"4";"ferraz";"";""
"4";"feugier";"";""
"4";"fisher’s";"";""
"4";"formic";"";""
"4";"fpkm";"";""
"4";"fragments";"";""
"4";"fully";"";""
"4";"functionalities";"";""
"4";"functions";"";""
"4";"fundamental";"";""
"4";"garcía-gonzález";"";""
"4";"generic";"";""
"4";"geo";"";""
"4";"goal";"";""
"4";"goto";"";""
"4";"gradient";"";""
"4";"grimsley";"";""
"4";"grow";"";""
"4";"gutierrez";"";""
"4";"guyon";"";""
"4";"harris";"";""
"4";"histograms";"";""
"4";"horizontal";"";""
"4";"https://doi.org/10.1038";"";""
"4";"huber";"";""
"4";"humans";"";""
"4";"hypergeometric";"";""
"4";"ice";"";""
"4";"identifier";"";""
"4";"illustrate";"";""
"4";"implements";"";""
"4";"importance";"";""
"4";"included_control";"";""
"4";"indicate";"";""
"4";"induce";"";""
"4";"initially";"";""
"4";"integrate";"";""
"4";"integrating";"";""
"4";"interface";"";""
"4";"interpret";"";""
"4";"introduction";"";""
"4";"laboratory";"";""
"4";"lipids";"";""
"4";"location";"";""
"4";"longer";"";""
"4";"m/n";"";""
"4";"mamiellales";"";""
"4";"martin";"";""
"4";"may";"";""
"4";"menu";"";""
"4";"mep";"";""
"4";"microbiology";"";""
"4";"micromonal";"";""
"4";"mitosis";"";""
"4";"mitsui";"";""
"4";"morimoto";"";""
"4";"moriya";"";""
"4";"mouse";"";""
"4";"mrna";"";""
"4";"much";"";""
"4";"multiomics";"";""
"4";"multiple";"";""
"4";"nadh";"";""
"4";"nadph";"";""
"4";"natural";"";""
"4";"never";"";""
"4";"node";"";""
"4";"non-parametric";"";""
"4";"noordally";"";""
"4";"novel";"";""
"4";"now";"";""
"4";"nowadays";"";""
"4";"nutrient";"";""
"4";"occupied";"";""
"4";"omic";"";""
"4";"ooijen";"";""
"4";"opinion";"";""
"4";"organelle";"";""
"4";"others";"";""
"4";"o’neill";"";""
"4";"pbs";"";""
"4";"pca";"";""
"4";"pcna";"";""
"4";"peaking";"";""
"4";"peptides";"";""
"4";"persist";"";""
"4";"perspectives";"";""
"4";"photoperiodic";"";""
"4";"phylogenetic";"";""
"4";"phylogeny";"";""
"4";"picoalga";"";""
"4";"pie";"";""
"4";"play";"";""
"4";"power";"";""
"4";"prasinophyceae";"";""
"4";"prasinophytes";"";""
"4";"preceding";"";""
"4";"predicted";"";""
"4";"predictive";"";""
"4";"publication";"";""
"4";"purple";"";""
"4";"q-value";"";""
"4";"quantify";"";""
"4";"rectangles";"";""
"4";"relevance";"";""
"4";"repository";"";""
"4";"requires";"";""
"4";"resuspended";"";""
"4";"rouzé";"";""
"4";"rubisco";"";""
"4";"runs";"";""
"4";"ruoff";"";""
"4";"satake";"";""
"4";"seems";"";""
"4";"semantically";"";""
"4";"separated";"";""
"4";"serrano";"";""
"4";"serrano-pérez";"";""
"4";"shortening";"";""
"4";"shortest";"";""
"4";"site";"";""
"4";"sleep";"";""
"4";"slurm";"";""
"4";"solución";"";""
"4";"staining";"";""
"4";"stands";"";""
"4";"start";"";""
"4";"strain";"";""
"4";"stringtie";"";""
"4";"subellipsoidea";"";""
"4";"subjective";"";""
"4";"substantial";"";""
"4";"subunits";"";""
"4";"sufficiency";"";""
"4";"supernatant";"";""
"4";"supports";"";""
"4";"suprachiasmatic";"";""
"4";"target";"";""
"4";"testing";"";""
"4";"third";"";""
"4";"towards";"";""
"4";"tragin";"";""
"4";"transcribed";"";""
"4";"tree";"";""
"4";"tubes";"";""
"4";"unique";"";""
"4";"unveiled";"";""
"4";"uriolide";"";""
"4";"users";"";""
"4";"vatakis";"";""
"4";"view";"";""
"4";"whole";"";""
"4";"whose";"";""
"4";"world";"";""
"4";"xantophylls";"";""
"4";"year";"";""
"4";"yoshimura";"";""
"4";"zones";"";""
"4";"α-branch";"";""
"4";"β-carotene";"";""
"3";"18(1";"";""
"3";"24-hour";"";""
"3";"29-c";"";""
"3";"31";"";""
"3";"32";"";""
"3";"32-a";"";""
"3";"32-b";"";""
"3";"33";"";""
"3";"34";"";""
"3";"35";"";""
"3";"36";"";""
"3";"37";"";""
"3";"38";"";""
"3";"39";"";""
"3";"40";"";""
"3";"41";"";""
"3";"42";"";""
"3";"44-b";"";""
"3";"45-a";"";""
"3";"46-b";"";""
"3";"7(2";"";""
"3";"74(10";"";""
"3";"ability";"";""
"3";"accordingly";"";""
"3";"account";"";""
"3";"acetonitrile";"";""
"3";"activase";"";""
"3";"adaptive";"";""
"3";"adjust";"";""
"3";"akhtar";"";""
"3";"aligned";"";""
"3";"alignment";"";""
"3";"ammonium";"";""
"3";"ancestors";"";""
"3";"annotate";"";""
"3";"annotations";"";""
"3";"anticipating";"";""
"3";"apparent";"";""
"3";"application";"";""
"3";"approached";"";""
"3";"areas";"";""
"3";"ashburner";"";""
"3";"axis";"";""
"3";"b6f";"";""
"3";"bachy";"";""
"3";"ballance";"";""
"3";"barrios-llerena";"";""
"3";"barros";"";""
"3";"bartoszewicz";"";""
"3";"basis";"";""
"3";"bed";"";""
"3";"beginning";"";""
"3";"binkley";"";""
"3";"biochemistry";"";""
"3";"biorender";"";""
"3";"biospec";"";""
"3";"biotechnological";"";""
"3";"bloom";"";""
"3";"bowtie2";"";""
"3";"bray";"";""
"3";"bruce";"";""
"3";"calculated";"";""
"3";"campo";"";""
"3";"candolle";"";""
"3";"capacity";"";""
"3";"capturing";"";""
"3";"carbohydrate";"";""
"3";"carneiro";"";""
"3";"carpinelli";"";""
"3";"cdks";"";""
"3";"centrifugation";"";""
"3";"chang";"";""
"3";"chapman";"";""
"3";"chapters";"";""
"3";"characteristic";"";""
"3";"characterize";"";""
"3";"chirnside";"";""
"3";"chlorella";"";""
"3";"choose";"";""
"3";"circalunar";"";""
"3";"circannual";"";""
"3";"clicking";"";""
"3";"comes";"";""
"3";"completely";"";""
"3";"concluded";"";""
"3";"confidence";"";""
"3";"connected";"";""
"3";"consisted";"";""
"3";"consistent";"";""
"3";"constantly";"";""
"3";"constituted";"";""
"3";"constitutes";"";""
"3";"contributes";"";""
"3";"controls";"";""
"3";"conversely";"";""
"3";"cooke";"";""
"3";"correa";"";""
"3";"corteggiani";"";""
"3";"cosmopolitan";"";""
"3";"cover";"";""
"3";"craig";"";""
"3";"cycb";"";""
"3";"databases";"";""
"3";"decrease";"";""
"3";"decreased";"";""
"3";"decreases";"";""
"3";"deeper";"";""
"3";"dehydrogenase";"";""
"3";"demir-hilton";"";""
"3";"deprivation";"";""
"3";"developing";"";""
"3";"dia";"";""
"3";"differentiation";"";""
"3";"difficult";"";""
"3";"digestion";"";""
"3";"dihydrolutein";"";""
"3";"dinoflagellate";"";""
"3";"discovery";"";""
"3";"discussed";"";""
"3";"ditz";"";""
"3";"diversity";"";""
"3";"don’t";"";""
"3";"dotted";"";""
"3";"draft";"";""
"3";"drop-down";"";""
"3";"duhamel";"";""
"3";"duplication";"";""
"3";"ecology";"";""
"3";"ecosystem";"";""
"3";"eelderink-chen";"";""
"3";"eissenberg";"";""
"3";"elgin";"";""
"3";"ellipses";"";""
"3";"enabled";"";""
"3";"endlicherianum";"";""
"3";"ensures";"";""
"3";"entry";"";""
"3";"environments";"";""
"3";"epigenetic";"";""
"3";"establishing";"";""
"3";"estimate";"";""
"3";"estimated";"";""
"3";"estimates";"";""
"3";"estimation";"";""
"3";"evans";"";""
"3";"evident";"";""
"3";"except";"";""
"3";"exhibits";"";""
"3";"exist";"";""
"3";"exposed";"";""
"3";"extracted";"";""
"3";"extremely";"";""
"3";"families";"";""
"3";"fifth";"";""
"3";"finding";"";""
